NameWithOwner,Stars,Description
Snailclimb/JavaGuide,130889,ã€ŒJavaå­¦ä¹ +é¢è¯•æŒ‡å—ã€ä¸€ä»½æ¶µç›–å¤§éƒ¨åˆ† Java ç¨‹åºå‘˜æ‰€éœ€è¦æŒæ¡çš„æ ¸å¿ƒçŸ¥è¯†ã€‚å‡†å¤‡ Java é¢è¯•ï¼Œé¦–é€‰ JavaGuideï¼
iluwatar/java-design-patterns,79819,Design patterns implemented in Java
MisterBooo/LeetCodeAnimation,72336,Demonstrate all the questions on LeetCode in the form of animation.ï¼ˆç”¨åŠ¨ç”»çš„å½¢å¼å‘ˆç°è§£LeetCodeé¢˜ç›®çš„æ€è·¯ï¼‰
doocs/advanced-java,68614,ğŸ˜® Core Interview Questions & Answers For Experienced Java(Backend) Developers | äº’è”ç½‘ Java å·¥ç¨‹å¸ˆè¿›é˜¶çŸ¥è¯†å®Œå…¨æ‰«ç›²ï¼šæ¶µç›–é«˜å¹¶å‘ã€åˆ†å¸ƒå¼ã€é«˜å¯ç”¨ã€å¾®æœåŠ¡ã€æµ·é‡æ•°æ®å¤„ç†ç­‰é¢†åŸŸçŸ¥è¯†
spring-projects/spring-boot,65580,Spring Boot
macrozheng/mall,63558,mallé¡¹ç›®æ˜¯ä¸€å¥—ç”µå•†ç³»ç»Ÿï¼ŒåŒ…æ‹¬å‰å°å•†åŸç³»ç»ŸåŠåå°ç®¡ç†ç³»ç»Ÿï¼ŒåŸºäºSpringBoot+MyBatiså®ç°ï¼Œé‡‡ç”¨Dockerå®¹å™¨åŒ–éƒ¨ç½²ã€‚ å‰å°å•†åŸç³»ç»ŸåŒ…å«é¦–é¡µé—¨æˆ·ã€å•†å“æ¨èã€å•†å“æœç´¢ã€å•†å“å±•ç¤ºã€è´­ç‰©è½¦ã€è®¢å•æµç¨‹ã€ä¼šå‘˜ä¸­å¿ƒã€å®¢æˆ·æœåŠ¡ã€å¸®åŠ©ä¸­å¿ƒç­‰æ¨¡å—ã€‚ åå°ç®¡ç†ç³»ç»ŸåŒ…å«å•†å“ç®¡ç†ã€è®¢å•ç®¡ç†ã€ä¼šå‘˜ç®¡ç†ã€ä¿ƒé”€ç®¡ç†ã€è¿è¥ç®¡ç†ã€å†…å®¹ç®¡ç†ã€ç»Ÿè®¡æŠ¥è¡¨ã€è´¢åŠ¡ç®¡ç†ã€æƒé™ç®¡ç†ã€è®¾ç½®ç­‰æ¨¡å—ã€‚
elastic/elasticsearch,62718,"Free and Open, Distributed, RESTful Search Engine"
kdn251/interviews,59207,Everything you need to know to get the job.
GrowingGit/GitHub-Chinese-Top-Charts,59186,:cn: GitHubä¸­æ–‡æ’è¡Œæ¦œï¼Œå„è¯­è¨€åˆ†è®¾ã€Œè½¯ä»¶ | èµ„æ–™ã€æ¦œå•ï¼Œç²¾å‡†å®šä½ä¸­æ–‡å¥½é¡¹ç›®ã€‚å„å–æ‰€éœ€ï¼Œé«˜æ•ˆå­¦ä¹ ã€‚
spring-projects/spring-framework,50771,Spring Framework
TheAlgorithms/Java,50296,All Algorithms implemented in Java
ReactiveX/RxJava,46824,RxJava â€“ Reactive Extensions for the JVM â€“ a library for composing asynchronous and event-based programs using observable sequences for the Java VM.
google/guava,46783,Google core libraries for Java
square/retrofit,41143,A type-safe HTTP client for Android and the JVM
apache/dubbo,38414,"Apache Dubbo is a high-performance, java based, open source RPC framework."
NationalSecurityAgency/ghidra,37268,Ghidra is a software reverse engineering (SRE) framework
PhilJay/MPAndroidChart,36130,"A powerful ğŸš€ Android chart view / graph view library, supporting line- bar- pie- radar- bubble- and candlestick charts as well as scaling, panning and animations."
airbnb/lottie-android,33598,"Render After Effects animations natively on Android and iOS, Web, and React Native"
jeecgboot/jeecg-boot,33446,â­ï¸ã€Œä¼ä¸šçº§ä½ä»£ç å¹³å°ã€å‰åç«¯åˆ†ç¦»æ¶æ„SpringBoot 2.xï¼ŒSpringCloudï¼ŒAnt Design&Vueï¼ŒMybatisï¼ŒShiroï¼ŒJWTã€‚å¼ºå¤§çš„ä»£ç ç”Ÿæˆå™¨è®©å‰åç«¯ä»£ç ä¸€é”®ç”Ÿæˆï¼Œæ— éœ€å†™ä»»ä½•ä»£ç ! å¼•é¢†æ–°çš„å¼€å‘æ¨¡å¼OnlineCoding->ä»£ç ç”Ÿæˆ->æ‰‹å·¥MERGEï¼Œå¸®åŠ©Javaé¡¹ç›®è§£å†³70%é‡å¤å·¥ä½œï¼Œè®©å¼€å‘æ›´å…³æ³¨ä¸šåŠ¡ï¼Œæ—¢èƒ½å¿«é€Ÿæé«˜æ•ˆç‡ï¼Œå¸®åŠ©å…¬å¸èŠ‚çœæˆæœ¬ï¼ŒåŒæ—¶åˆä¸å¤±çµæ´»æ€§ã€‚
bumptech/glide,33351,An image loading and caching library for Android focused on smooth scrolling
eugenp/tutorials,33308,"Just Announced - ""Learn Spring Security OAuth"": "
skylot/jadx,33303,Dex to Java decompiler
geekxh/hello-algorithm,32028,ğŸŒ é’ˆå¯¹å°ç™½çš„ç®—æ³•è®­ç»ƒ | åŒ…æ‹¬å››éƒ¨åˆ†ï¼šâ‘ .å¤§å‚é¢ç» â‘¡.åŠ›æ‰£å›¾è§£  â‘¢.åƒæœ¬å¼€æºç”µå­ä¹¦ â‘£.ç™¾å¼ æŠ€æœ¯æ€ç»´å¯¼å›¾ï¼ˆé¡¹ç›®èŠ±äº†ä¸Šç™¾å°æ—¶ï¼Œå¸Œæœ›å¯ä»¥ç‚¹ star æ”¯æŒï¼ŒğŸŒ¹æ„Ÿè°¢~ï¼‰ç‚¹å‡»ä¸‹æ–¹ç½‘ç«™ï¼Œé©¬ä¸Šå¼€å§‹åˆ·é¢˜ï¼
Blankj/AndroidUtilCode,31865,:fire: Android developers should collect the following utils(updating).
alibaba/arthas,31733,Alibaba Java Diagnostic Tool Arthas/Alibaba Javaè¯Šæ–­åˆ©å™¨Arthas
zxing/zxing,30688,"ZXing (""Zebra Crossing"") barcode scanning library for Java, Android"
netty/netty,30679,Netty project - an event-driven asynchronous network application framework
dbeaver/dbeaver,30481,Free universal database tool and SQL client
xkcoding/spring-boot-demo,28690,ğŸš€ä¸€ä¸ªç”¨æ¥æ·±å…¥å­¦ä¹ å¹¶å®æˆ˜ Spring Boot çš„é¡¹ç›®ã€‚
ityouknow/spring-boot-examples,28506,about learning Spring Boot via examples. Spring Boot æ•™ç¨‹ã€æŠ€æœ¯æ ˆç¤ºä¾‹ä»£ç ï¼Œå¿«é€Ÿç®€å•ä¸Šæ‰‹æ•™ç¨‹ã€‚ 
apolloconfig/apollo,27734,Apollo is a reliable configuration management system suitable for microservice configuration management scenarios.
crossoverJie/JCSprout,26935,"ğŸ‘¨â€ğŸ“ Java Core Sprout : basic, concurrent, algorithm "
alibaba/easyexcel,26666,å¿«é€Ÿã€ç®€æ´ã€è§£å†³å¤§æ–‡ä»¶å†…å­˜æº¢å‡ºçš„javaå¤„ç†Excelå·¥å…·
alibaba/druid,26512,é˜¿é‡Œäº‘è®¡ç®—å¹³å°DataWorks(https://help.aliyun.com/document_detail/137663.html) å›¢é˜Ÿå‡ºå“ï¼Œä¸ºç›‘æ§è€Œç”Ÿçš„æ•°æ®åº“è¿æ¥æ± 
halo-dev/halo,25998,å¼ºå¤§æ˜“ç”¨çš„å¼€æºå»ºç«™å·¥å…·ã€‚
SeleniumHQ/selenium,25823,A browser automation framework and ecosystem.
qiurunze123/miaosha,25709,â­â­â­â­ç§’æ€ç³»ç»Ÿè®¾è®¡ä¸å®ç°.äº’è”ç½‘å·¥ç¨‹å¸ˆè¿›é˜¶ä¸åˆ†æğŸ™‹ğŸ“
JakeWharton/butterknife,25666,Bind Android views and callbacks to fields and methods.
lenve/vhr,25514,å¾®äººäº‹æ˜¯ä¸€ä¸ªå‰åç«¯åˆ†ç¦»çš„äººåŠ›èµ„æºç®¡ç†ç³»ç»Ÿï¼Œé¡¹ç›®é‡‡ç”¨SpringBoot+Vueå¼€å‘ã€‚
alibaba/nacos,25401,"an easy-to-use dynamic service discovery, configuration and service management platform for building cloud native applications."
dromara/hutool,25397,ğŸ¬A set of tools that keep Java sweet.
alibaba/fastjson,25183,"FASTJSON 2.0.x has been released, faster and more secure, recommend you upgrade."
proxyee-down-org/proxyee-down,25125,httpä¸‹è½½å·¥å…·ï¼ŒåŸºäºhttpä»£ç†ï¼Œæ”¯æŒå¤šè¿æ¥åˆ†å—ä¸‹è½½
wuyouzhuguli/SpringAll,25015,å¾ªåºæ¸è¿›ï¼Œå­¦ä¹ Spring Bootã€Spring Boot & Shiroã€Spring Batchã€Spring Cloudã€Spring Cloud Alibabaã€Spring Security & Spring Security OAuth2ï¼Œåšå®¢Springç³»åˆ—æºç ï¼šhttps://mrbird.cc
alibaba/canal,24987,é˜¿é‡Œå·´å·´ MySQL binlog å¢é‡è®¢é˜…&æ¶ˆè´¹ç»„ä»¶ 
alibaba/spring-cloud-alibaba,24739,Spring Cloud Alibaba provides a one-stop solution for application development for the distributed solutions of Alibaba middleware.
hollischuang/toBeTopJavaer,24345,To Be Top Javaer - Javaå·¥ç¨‹å¸ˆæˆç¥ä¹‹è·¯
greenrobot/EventBus,24260,"Event bus for Android and Java that simplifies communication between Activities, Fragments, Threads, Services, etc. Less code, better quality."
apache/kafka,24170,Mirror of Apache Kafka
scwang90/SmartRefreshLayout,24066,ğŸ”¥ä¸‹æ‹‰åˆ·æ–°ã€ä¸Šæ‹‰åŠ è½½ã€äºŒçº§åˆ·æ–°ã€æ·˜å®äºŒæ¥¼ã€RefreshLayoutã€OverScrollï¼ŒAndroidæ™ºèƒ½ä¸‹æ‹‰åˆ·æ–°æ¡†æ¶ï¼Œæ”¯æŒè¶Šç•Œå›å¼¹ã€è¶Šç•Œæ‹–åŠ¨ï¼Œå…·æœ‰æå¼ºçš„æ‰©å±•æ€§ï¼Œé›†æˆäº†å‡ åç§ç‚«é…·çš„Headerå’Œ Footerã€‚
xuxueli/xxl-job,23566,A distributed task scheduling framework.ï¼ˆåˆ†å¸ƒå¼ä»»åŠ¡è°ƒåº¦å¹³å°XXL-JOBï¼‰
CymChad/BaseRecyclerViewAdapterHelper,23389,BRVAH:Powerful and flexible RecyclerAdapter
seata/seata,23321,":fire: Seata is an easy-to-use, high-performance, open source distributed transaction solution."
signalapp/Signal-Android,23295,A private messenger for Android.
Netflix/Hystrix,23186,"Hystrix is a latency and fault tolerance library designed to isolate points of access to remote systems, services and 3rd party libraries, stop cascading failure and enable resilience in complex distributed systems where failure is inevitable."
TeamNewPipe/NewPipe,22766,A libre lightweight streaming front-end for Android.
google/gson,21838,A Java serialization/deserialization library to convert Java Objects into JSON and back
DrKLO/Telegram,21465,Telegram for Android source
apache/skywalking,21249,"APM, Application Performance Monitoring System"
libgdx/libgdx,21106,Desktop/Android/HTML5/iOS Java game development framework
doocs/leetcode,20948,ğŸ˜ LeetCode solutions in any programming language | å¤šç§ç¼–ç¨‹è¯­è¨€å®ç° LeetCodeã€ã€Šå‰‘æŒ‡ Offerï¼ˆç¬¬ 2 ç‰ˆï¼‰ã€‹ã€ã€Šç¨‹åºå‘˜é¢è¯•é‡‘å…¸ï¼ˆç¬¬ 6 ç‰ˆï¼‰ã€‹é¢˜è§£
apache/flink,20646,Apache Flink
redisson/redisson,20592,"Redisson - Redis Java client with features of In-Memory Data Grid. Over 50 Redis based Java objects and services: Set, Multimap, SortedSet, Map, List, Queue, Deque, Semaphore, Lock, AtomicLong, Map Reduce, Publish / Subscribe, Bloom filter, Spring Cache, Tomcat, Scheduler, JCache API, Hibernate, MyBatis, RPC, local cache ..."
alibaba/Sentinel,20535,"A powerful flow control component enabling reliability, resilience and monitoring for microservices. (é¢å‘äº‘åŸç”Ÿå¾®æœåŠ¡çš„é«˜å¯ç”¨æµæ§é˜²æŠ¤ç»„ä»¶)"
google/ExoPlayer,20385,An extensible media player for Android
jenkinsci/jenkins,20288,Jenkins automation server
bazelbuild/bazel,20275,"a fast, scalable, multi-language and extensible build system"
ReactiveX/RxAndroid,19772,RxJava bindings for Android
termux/termux-app,19401,Termux - a terminal emulator application for Android OS extendible by variety of packages.
didi/DoKit,19291,ä¸€æ¬¾é¢å‘æ³›å‰ç«¯äº§å“ç ”å‘å…¨ç”Ÿå‘½å‘¨æœŸçš„æ•ˆç‡å¹³å°ã€‚
elunez/eladmin,19276,é¡¹ç›®åŸºäº Spring Boot 2.1.0 ã€ Jpaã€ Spring Securityã€redisã€Vueçš„å‰åç«¯åˆ†ç¦»çš„åå°ç®¡ç†ç³»ç»Ÿï¼Œé¡¹ç›®é‡‡ç”¨åˆ†æ¨¡å—å¼€å‘æ–¹å¼ï¼Œ æƒé™æ§åˆ¶é‡‡ç”¨ RBACï¼Œæ”¯æŒæ•°æ®å­—å…¸ä¸æ•°æ®æƒé™ç®¡ç†ï¼Œæ”¯æŒä¸€é”®ç”Ÿæˆå‰åç«¯ä»£ç ï¼Œæ”¯æŒåŠ¨æ€è·¯ç”±
apache/rocketmq,18719,"Apache RocketMQ is a cloud native messaging and streaming platform, making it simple to build event-driven applications."
EnterpriseQualityCoding/FizzBuzzEnterpriseEdition,18631,FizzBuzz Enterprise Edition is a no-nonsense implementation of FizzBuzz made by serious businessmen for serious business purposes.
Baseflow/PhotoView,18439,"Implementation of ImageView for Android that supports zooming, by various touch gestures."
CarGuo/GSYVideoPlayer,18258,"è§†é¢‘æ’­æ”¾å™¨ï¼ˆIJKplayerã€ExoPlayerã€MediaPlayerï¼‰ï¼ŒHTTPSï¼Œæ”¯æŒå¼¹å¹•ï¼Œå¤–æŒ‚å­—å¹•ï¼Œæ”¯æŒæ»¤é•œã€æ°´å°ã€gifæˆªå›¾ï¼Œç‰‡å¤´å¹¿å‘Šã€ä¸­é—´å¹¿å‘Šï¼Œå¤šä¸ªåŒæ—¶æ’­æ”¾ï¼Œæ”¯æŒåŸºæœ¬çš„æ‹–åŠ¨ï¼Œå£°éŸ³ã€äº®åº¦è°ƒèŠ‚ï¼Œæ”¯æŒè¾¹æ’­è¾¹ç¼“å­˜ï¼Œæ”¯æŒè§†é¢‘è‡ªå¸¦rotationçš„æ—‹è½¬ï¼ˆ90,270ä¹‹ç±»ï¼‰ï¼Œé‡åŠ›æ—‹è½¬ä¸æ‰‹åŠ¨æ—‹è½¬çš„åŒæ­¥æ”¯æŒï¼Œæ”¯æŒåˆ—è¡¨æ’­æ”¾ ï¼Œåˆ—è¡¨å…¨å±åŠ¨ç”»ï¼Œè§†é¢‘åŠ è½½é€Ÿåº¦ï¼Œåˆ—è¡¨å°çª—å£æ”¯æŒæ‹–åŠ¨ï¼ŒåŠ¨ç”»æ•ˆæœï¼Œè°ƒæ•´æ¯”ä¾‹ï¼Œå¤šåˆ†è¾¨ç‡åˆ‡æ¢ï¼Œæ”¯æŒåˆ‡æ¢æ’­æ”¾å™¨ï¼Œè¿›åº¦æ¡å°çª—å£é¢„è§ˆï¼Œåˆ—è¡¨åˆ‡æ¢è¯¦æƒ…é¡µé¢æ— ç¼æ’­æ”¾ï¼Œrtspã€concatã€mpegã€‚ "
oracle/graal,18201,GraalVM: Run Programs Faster Anywhere :rocket:
mybatis/mybatis-3,18183,MyBatis SQL mapper framework for Java
apache/shardingsphere,17980,"Ecosystem to transform any database into a distributed database system, and enhance it with sharding, elastic scaling, encryption features & more"
brettwooldridge/HikariCP,17825,"å…‰ HikariCPãƒ»A solid, high-performance, JDBC connection pool at last."
linlinjava/litemall,17722,åˆä¸€ä¸ªå°å•†åŸã€‚litemall = Spring Bootåç«¯ + Vueç®¡ç†å‘˜å‰ç«¯ + å¾®ä¿¡å°ç¨‹åºç”¨æˆ·å‰ç«¯ + Vueç”¨æˆ·ç§»åŠ¨ç«¯
dianping/cat,17537,"CAT ä½œä¸ºæœåŠ¡ç«¯é¡¹ç›®åŸºç¡€ç»„ä»¶ï¼Œæä¾›äº† Java, C/C++, Node.js, Python, Go ç­‰å¤šè¯­è¨€å®¢æˆ·ç«¯ï¼Œå·²ç»åœ¨ç¾å›¢ç‚¹è¯„çš„åŸºç¡€æ¶æ„ä¸­é—´ä»¶æ¡†æ¶ï¼ˆMVCæ¡†æ¶ï¼ŒRPCæ¡†æ¶ï¼Œæ•°æ®åº“æ¡†æ¶ï¼Œç¼“å­˜æ¡†æ¶ç­‰ï¼Œæ¶ˆæ¯é˜Ÿåˆ—ï¼Œé…ç½®ç³»ç»Ÿç­‰ï¼‰æ·±åº¦é›†æˆï¼Œä¸ºç¾å›¢ç‚¹è¯„å„ä¸šåŠ¡çº¿æä¾›ç³»ç»Ÿä¸°å¯Œçš„æ€§èƒ½æŒ‡æ ‡ã€å¥åº·çŠ¶å†µã€å®æ—¶å‘Šè­¦ç­‰ã€‚"
Anuken/Mindustry,17163,The automation tower defense RTS
forezp/SpringCloudLearning,17102,ã€Šå²ä¸Šæœ€ç®€å•çš„Spring Cloudæ•™ç¨‹æºç ã€‹
facebook/fresco,16908,An Android library for managing images and the memory they use.
nostra13/Android-Universal-Image-Loader,16817,"Powerful and flexible library for loading, caching and displaying images on Android."
Tencent/tinker,16691,"Tinker is a hot-fix solution library for Android, it supports dex, library and resources update without reinstall apk."
shuzheng/zheng,16453,åŸºäºSpring+SpringMVC+Mybatisåˆ†å¸ƒå¼æ•æ·å¼€å‘ç³»ç»Ÿæ¶æ„ï¼Œæä¾›æ•´å¥—å…¬å…±å¾®æœåŠ¡æœåŠ¡æ¨¡å—ï¼šé›†ä¸­æƒé™ç®¡ç†ï¼ˆå•ç‚¹ç™»å½•ï¼‰ã€å†…å®¹ç®¡ç†ã€æ”¯ä»˜ä¸­å¿ƒã€ç”¨æˆ·ç®¡ç†ï¼ˆæ”¯æŒç¬¬ä¸‰æ–¹ç™»å½•ï¼‰ã€å¾®ä¿¡å¹³å°ã€å­˜å‚¨ç³»ç»Ÿã€é…ç½®ä¸­å¿ƒã€æ—¥å¿—åˆ†æã€ä»»åŠ¡å’Œé€šçŸ¥ç­‰ï¼Œæ”¯æŒæœåŠ¡æ²»ç†ã€ç›‘æ§å’Œè¿½è¸ªï¼ŒåŠªåŠ›ä¸ºä¸­å°å‹ä¼ä¸šæ‰“é€ å…¨æ–¹ä½J2EEä¼ä¸šçº§å¼€å‘è§£å†³æ–¹æ¡ˆã€‚
winterbe/java8-tutorial,16164,Modern Java - A Guide to Java 8
yudaocode/SpringBoot-Labs,16015,ä¸€ä¸ªæ¶µç›–å…­ä¸ªä¸“æ ï¼šSpring Boot 2.Xã€Spring Cloudã€Spring Cloud Alibabaã€Dubboã€åˆ†å¸ƒå¼æ¶ˆæ¯é˜Ÿåˆ—ã€åˆ†å¸ƒå¼äº‹åŠ¡çš„ä»“åº“ã€‚å¸Œæœ›èƒ–å‹å°æ‰‹ä¸€æŠ–ï¼Œå³ä¸Šè§’æ¥ä¸ª Starï¼Œæ„Ÿæ© 1024
openzipkin/zipkin,15997,Zipkin is a distributed tracing system
LMAX-Exchange/disruptor,15728,High Performance Inter-Thread Messaging Library
iBotPeaches/Apktool,15687,A tool for reverse engineering Android apk files
android10/Android-CleanArchitecture,15296,This is a sample app that is part of a series of blog posts I have written about how to architect an android application using Uncle Bob's clean architecture approach.
JeffLi1993/springboot-learning-example,15264,spring boot å®è·µå­¦ä¹ æ¡ˆä¾‹ï¼Œæ˜¯ spring boot åˆå­¦è€…åŠæ ¸å¿ƒæŠ€æœ¯å·©å›ºçš„æœ€ä½³å®è·µã€‚
OpenAPITools/openapi-generator,15255,"OpenAPI Generator allows generation of API client libraries (SDK generation), server stubs, documentation and configuration automatically given an OpenAPI Spec (v2, v3)"
openjdk/jdk,15055,JDK main-line development https://openjdk.org/projects/jdk
keycloak/keycloak,14987,Open Source Identity and Access Management For Modern Applications and Services
dyc87112/SpringBoot-Learning,14976,ã€ŠSpring BootåŸºç¡€æ•™ç¨‹ã€‹ï¼Œ2.xç‰ˆæœ¬æŒç»­è¿è½½ä¸­ï¼ç‚¹å‡»ä¸‹æ–¹é“¾æ¥ç›´è¾¾æ•™ç¨‹ç›®å½•ï¼
medcl/elasticsearch-analysis-ik,14757,"The IK Analysis plugin integrates Lucene IK analyzer into elasticsearch, support customized dictionary."
Tencent/APIJSON,14646,ğŸ† é›¶ä»£ç ã€å…¨åŠŸèƒ½ã€å¼ºå®‰å…¨ ORM åº“ ğŸš€ åç«¯æ¥å£å’Œæ–‡æ¡£é›¶ä»£ç ï¼Œå‰ç«¯(å®¢æˆ·ç«¯) å®šåˆ¶è¿”å› JSON çš„æ•°æ®å’Œç»“æ„ã€‚ ğŸ† A JSON Transmission Protocol and an ORM Library ğŸš€  provides APIs and Docs without writing any code.
material-components/material-components-android,14553,Modular and customizable Material Design UI components for Android
prestodb/presto,14453,The official home of the Presto distributed SQL query engine for big data
justauth/JustAuth,14383,"ğŸ†Gitee æœ€æœ‰ä»·å€¼å¼€æºé¡¹ç›® ğŸš€:100: å°è€Œå…¨è€Œç¾çš„ç¬¬ä¸‰æ–¹ç™»å½•å¼€æºç»„ä»¶ã€‚ç›®å‰å·²æ”¯æŒGithubã€Giteeã€å¾®åšã€é’‰é’‰ã€ç™¾åº¦ã€Codingã€è…¾è®¯äº‘å¼€å‘è€…å¹³å°ã€OSChinaã€æ”¯ä»˜å®ã€QQã€å¾®ä¿¡ã€æ·˜å®ã€Googleã€Facebookã€æŠ–éŸ³ã€é¢†è‹±ã€å°ç±³ã€å¾®è½¯ã€ä»Šæ—¥å¤´æ¡ã€Teambitionã€StackOverflowã€Pinterestã€äººäººã€åä¸ºã€ä¼ä¸šå¾®ä¿¡ã€é…·å®¶ä¹ã€Gitlabã€ç¾å›¢ã€é¥¿äº†ä¹ˆã€æ¨ç‰¹ã€é£ä¹¦ã€äº¬ä¸œã€é˜¿é‡Œäº‘ã€å–œé©¬æ‹‰é›…ã€Amazonã€Slackå’Œ Line ç­‰ç¬¬ä¸‰æ–¹å¹³å°çš„æˆæƒç™»å½•ã€‚ Login, so easy!"
hdodenhof/CircleImageView,14372,A circular ImageView for Android
williamfiset/Algorithms,14320,A collection of algorithms and data structures
android-hacker/VirtualXposed,14134,"A simple app to use Xposed without root, unlock the bootloader or modify system image, etc."
alibaba/ARouter,14094,ğŸ’ª A framework for assisting in the renovation of Android componentization (å¸®åŠ© Android App è¿›è¡Œç»„ä»¶åŒ–æ”¹é€ çš„è·¯ç”±æ¡†æ¶)
baomidou/mybatis-plus,14030,An powerful enhanced toolkit of MyBatis for simplify development
Tencent/QMUI_Android,13946,æé«˜ Android UI å¼€å‘æ•ˆç‡çš„ UI åº“
antlr/antlr4,13853,"ANTLR (ANother Tool for Language Recognition) is a powerful parser generator for reading, processing, executing, or translating structured text or binary files."
mockito/mockito,13686,Most popular Mocking framework for unit tests written in Java
lgvalle/Material-Animations,13559,Android Transition animations explanation with examples.
orhanobut/logger,13527,"âœ”ï¸ Simple, pretty and powerful logger for android"
Konloch/bytecode-viewer,13522,"A Java 8+ Jar & Android APK Reverse Engineering Suite (Decompiler, Editor, Debugger & More)"
eclipse-vertx/vert.x,13390,Vert.x is a tool-kit for building reactive applications on the JVM
arduino/Arduino,13389,Arduino IDE 1.x
heibaiying/BigData-Notes,13356,å¤§æ•°æ®å…¥é—¨æŒ‡å—  :star:
elastic/logstash,13282,"Logstash - transport and process your logs, events, or other data"
apache/hadoop,13262,Apache Hadoop
Bigkoo/Android-PickerView,13249,"This is a picker view for android , support linkage effect, timepicker and optionspicker.ï¼ˆæ—¶é—´é€‰æ‹©å™¨ã€çœå¸‚åŒºä¸‰çº§è”åŠ¨ï¼‰"
Curzibn/Luban,13174,Luban(é²ç­)â€”Image compression with efficiency very close to WeChat Moments/å¯èƒ½æ˜¯æœ€æ¥è¿‘å¾®ä¿¡æœ‹å‹åœˆçš„å›¾ç‰‡å‹ç¼©ç®—æ³•
zhisheng17/flink-learning,13158,flink learning blog. http://www.54tianzhisheng.cn/  å« Flink å…¥é—¨ã€æ¦‚å¿µã€åŸç†ã€å®æˆ˜ã€æ€§èƒ½è°ƒä¼˜ã€æºç è§£æç­‰å†…å®¹ã€‚æ¶‰åŠ Flink Connectorã€Metricsã€Libraryã€DataStream APIã€Table API & SQL ç­‰å†…å®¹çš„å­¦ä¹ æ¡ˆä¾‹ï¼Œè¿˜æœ‰ Flink è½åœ°åº”ç”¨çš„å¤§å‹é¡¹ç›®æ¡ˆä¾‹ï¼ˆPVUVã€æ—¥å¿—å­˜å‚¨ã€ç™¾äº¿æ•°æ®å®æ—¶å»é‡ã€ç›‘æ§å‘Šè­¦ï¼‰åˆ†äº«ã€‚æ¬¢è¿å¤§å®¶æ”¯æŒæˆ‘çš„ä¸“æ ã€Šå¤§æ•°æ®å®æ—¶è®¡ç®—å¼•æ“ Flink å®æˆ˜ä¸æ€§èƒ½ä¼˜åŒ–ã€‹
ben-manes/caffeine,13136,A high performance caching library for Java
thingsboard/thingsboard,13091,"Open-source IoT Platform - Device management, data collection, processing and visualization."
google/tink,13005,"Tink is a multi-language, cross-platform, open source library that provides cryptographic APIs that are secure, easy to use correctly, and hard(er) to misuse."
lionsoul2014/ip2region,12861,"Ip2region (2.0 - xdb) is a offline IP address manager framework and locator, support billions of data segments, ten microsecond searching performance. xdb engine implementation for many programming languages"
JessYanCoding/AndroidAutoSize,12853,ğŸ”¥ A low-cost Android screen adaptation solution (ä»Šæ—¥å¤´æ¡å±å¹•é€‚é…æ–¹æ¡ˆç»ˆæç‰ˆï¼Œä¸€ä¸ªæä½æˆæœ¬çš„ Android å±å¹•é€‚é…æ–¹æ¡ˆ).
alibaba/DataX,12842,DataXæ˜¯é˜¿é‡Œäº‘DataWorksæ•°æ®é›†æˆçš„å¼€æºç‰ˆæœ¬ã€‚
deeplearning4j/deeplearning4j,12770,"Suite of tools for deploying and training deep learning models using the JVM. Highlights include model import for keras, tensorflow, and onnx/pytorch, a modular and tiny c++ library for running math code and a java based math library on top of the core c++ library. Also includes samediff: a pytorch/tensorflow like library for running deep learning using automatic differentiation."
pinpoint-apm/pinpoint,12621,"APM, (Application Performance Management) tool for large-scale distributed systems. "
facebook/stetho,12618,"Stetho is a debug bridge for Android applications, enabling the powerful Chrome Developer Tools and much more."
greenrobot/greenDAO,12563,greenDAO is a light & fast ORM solution for Android that maps objects to SQLite databases.
GoogleContainerTools/jib,12533,ğŸ— Build container images for your Java applications.
Grasscutters/Grasscutter,12531,A server software reimplementation for a certain anime game.
Netflix/zuul,12428,"Zuul is a gateway service that provides dynamic routing, monitoring, resiliency, security, and more."
apache/druid,12393,Apache Druid: a high performance real-time analytics database.
zhihu/Matisse,12377,:fireworks: A well-designed local image and video selector for Android
seaswalker/spring-analysis,12332,Springæºç é˜…è¯»
apache/pulsar,12311,Apache Pulsar - distributed pub-sub messaging system
youth5201314/banner,12291,ğŸ”¥ğŸ”¥ğŸ”¥Banner 2.0 æ¥äº†ï¼Androidå¹¿å‘Šå›¾ç‰‡è½®æ’­æ§ä»¶ï¼Œå†…éƒ¨åŸºäºViewPager2å®ç°ï¼ŒIndicatorå’ŒUIéƒ½å¯ä»¥è‡ªå®šä¹‰ã€‚
daimajia/AndroidSwipeLayout,12272,The Most Powerful Swipe Layout!
daimajia/AndroidViewAnimations,12229,Cute view animation collection.
LuckSiege/PictureSelector,12209,Picture Selector Library for Android or å›¾ç‰‡é€‰æ‹©å™¨
java-decompiler/jd-gui,12155,A standalone Java Decompiler GUI
sqshq/piggymetrics,12150,"Microservice Architecture with Spring Boot, Spring Cloud and Docker"
projectlombok/lombok,11776,Very spicy additions to the Java programming language.
google/guice,11773,"Guice (pronounced 'juice') is a lightweight dependency injection framework for Java 8 and above, brought to you by Google."
macrozheng/mall-learning,11746,mallå­¦ä¹ æ•™ç¨‹ï¼Œæ¶æ„ã€ä¸šåŠ¡ã€æŠ€æœ¯è¦ç‚¹å…¨æ–¹ä½è§£æã€‚mallé¡¹ç›®ï¼ˆ50k+starï¼‰æ˜¯ä¸€å¥—ç”µå•†ç³»ç»Ÿï¼Œä½¿ç”¨ç°é˜¶æ®µä¸»æµæŠ€æœ¯å®ç°ã€‚æ¶µç›–äº†SpringBoot 2.3.0ã€MyBatis 3.4.6ã€Elasticsearch 7.6.2ã€RabbitMQ 3.7.15ã€Redis 5.0ã€MongoDB 4.2.5ã€Mysql5.7ç­‰æŠ€æœ¯ï¼Œé‡‡ç”¨Dockerå®¹å™¨åŒ–éƒ¨ç½²ã€‚
Netflix/eureka,11682,AWS Service registry for resilient mid-tier load balancing and failover.
Tencent/VasSonic,11636,"VasSonic is a lightweight and high-performance Hybrid framework developed by tencent VAS team, which is intended to speed up the first screen of websites working on Android and iOS platform. "
dromara/Sa-Token,11551,è¿™å¯èƒ½æ˜¯å²ä¸ŠåŠŸèƒ½æœ€å…¨çš„Javaæƒé™è®¤è¯æ¡†æ¶ï¼ç›®å‰å·²é›†æˆâ€”â€”ç™»å½•è®¤è¯ã€æƒé™è®¤è¯ã€åˆ†å¸ƒå¼Sessionä¼šè¯ã€å¾®æœåŠ¡ç½‘å…³é‰´æƒã€å•ç‚¹ç™»å½•ã€OAuth2.0ã€è¸¢äººä¸‹çº¿ã€Redisé›†æˆã€å‰åå°åˆ†ç¦»ã€è®°ä½æˆ‘æ¨¡å¼ã€æ¨¡æ‹Ÿä»–äººè´¦å·ã€ä¸´æ—¶èº«ä»½åˆ‡æ¢ã€è´¦å·å°ç¦ã€å¤šè´¦å·è®¤è¯ä½“ç³»ã€æ³¨è§£å¼é‰´æƒã€è·¯ç”±æ‹¦æˆªå¼é‰´æƒã€èŠ±å¼tokenç”Ÿæˆã€è‡ªåŠ¨ç»­ç­¾ã€åŒç«¯äº’æ–¥ç™»å½•ã€ä¼šè¯æ²»ç†ã€å¯†ç åŠ å¯†ã€jwté›†æˆã€Springé›†æˆã€WebFluxé›†æˆ...
pagehelper/Mybatis-PageHelper,11542,Mybatisé€šç”¨åˆ†é¡µæ’ä»¶
codecentric/spring-boot-admin,11504,Admin UI for administration of spring boot applications
Yalantis/uCrop,11426,Image Cropping Library for Android
doocs/source-code-hunter,11410,ğŸ˜± ä»æºç å±‚é¢ï¼Œå‰–ææŒ–æ˜äº’è”ç½‘è¡Œä¸šä¸»æµæŠ€æœ¯çš„åº•å±‚å®ç°åŸç†ï¼Œä¸ºå¹¿å¤§å¼€å‘è€… â€œæå‡æŠ€æœ¯æ·±åº¦â€ æä¾›ä¾¿åˆ©ã€‚ç›®å‰å¼€æ”¾ Spring å…¨å®¶æ¡¶ï¼ŒMybatisã€Nettyã€Dubbo æ¡†æ¶ï¼ŒåŠ Redisã€Tomcat ä¸­é—´ä»¶ç­‰
quarkusio/quarkus,11370,Quarkus: Supersonic Subatomic Java. 
realm/realm-java,11358,Realm is a mobile database: a replacement for SQLite & ORMs
androidannotations/androidannotations,11136,Fast Android Development. Easy maintainance.
jfeinstein10/SlidingMenu,11135,An Android library that allows you to easily create applications with slide-in menus. You may use it in your Android apps provided that you cite this project and include the license in your app. Thanks!
permissions-dispatcher/PermissionsDispatcher,11097,A declarative API to handle Android runtime permissions.
neo4j/neo4j,11067,Graphs for Everyone
apache/zookeeper,11060,Apache ZooKeeper
frank-lam/fullstack-tutorial,10972,ğŸš€ fullstack tutorial 2022ï¼Œåå°æŠ€æœ¯æ ˆ/æ¶æ„å¸ˆä¹‹è·¯/å…¨æ ˆå¼€å‘ç¤¾åŒºï¼Œæ˜¥æ‹›/ç§‹æ‹›/æ ¡æ‹›/é¢è¯•
janishar/mit-deep-learning-book-pdf,10912,"MIT Deep Learning Book in PDF format (complete and parts) by Ian Goodfellow, Yoshua Bengio and Aaron Courville"
redis/jedis,10910,Redis Java client designed for performance and ease of use.
alibaba/vlayout,10837,"Project vlayout is a powerfull LayoutManager extension for RecyclerView, it provides a group of layouts for RecyclerView. Make it able to handle a complicate situation when grid, list and other layouts in the same recyclerview. "
theonedev/onedev,10803,Self-hosted Git Server with CI/CD and Kanban
H07000223/FlycoTabLayout,10797,An Android TabLayout Lib
DuGuQiuBai/Java,10742,27å¤©æˆä¸ºJavaå¤§ç¥
lingochamp/FileDownloader,10737,Multitaskã€MultiThread(MultiConnection)ã€Breakpoint-resumeã€High-concurrencyã€Simple to useã€Single/NotSingle-process
code4craft/webmagic,10713,A scalable web crawler framework for Java.
mission-peace/interview,10679,Interview questions
gyf-dev/ImmersionBar,10677,android 4.4ä»¥ä¸Šæ²‰æµ¸å¼çŠ¶æ€æ å’Œæ²‰æµ¸å¼å¯¼èˆªæ ç®¡ç†ï¼Œé€‚é…æ¨ªç«–å±åˆ‡æ¢ã€åˆ˜æµ·å±ã€è½¯é”®ç›˜å¼¹å‡ºç­‰é—®é¢˜ï¼Œå¯ä»¥ä¿®æ”¹çŠ¶æ€æ å­—ä½“é¢œè‰²å’Œå¯¼èˆªæ å›¾æ ‡é¢œè‰²ï¼Œä»¥åŠä¸å¯ä¿®æ”¹å­—ä½“é¢œè‰²æ‰‹æœºçš„é€‚é…ï¼Œé€‚ç”¨äºActivityã€Fragmentã€DialogFragmentã€Dialogï¼ŒPopupWindowï¼Œä¸€å¥ä»£ç è½»æ¾å®ç°ï¼Œä»¥åŠå¯¹barçš„å…¶ä»–è®¾ç½®ï¼Œè¯¦è§READMEã€‚ç®€ä¹¦è¯·å‚è€ƒï¼šhttp://www.jianshu.com/p/2a884e211a62
kunal-kushwaha/DSA-Bootcamp-Java,10674,"This repository consists of the code samples, assignments, and notes for the Java Data Structures & Algorithms bootcamp of Community Classroom."
android-async-http/android-async-http,10650,This project under develop
pxb1988/dex2jar,10618,Tools to work with android .dex and java .class files
careercup/CtCI-6th-Edition,10510,Cracking the Coding Interview 6th Ed. Solutions
jeasonlzy/okhttp-OkGo,10501,OkGo - 3.0 éœ‡æ’¼æ¥è¢­ï¼Œè¯¥åº“æ˜¯åŸºäº Http åè®®ï¼Œå°è£…äº† OkHttp çš„ç½‘ç»œè¯·æ±‚æ¡†æ¶ï¼Œæ¯” Retrofit æ›´ç®€å•æ˜“ç”¨ï¼Œæ”¯æŒ RxJavaï¼ŒRxJava2ï¼Œæ”¯æŒè‡ªå®šä¹‰ç¼“å­˜ï¼Œæ”¯æŒæ‰¹é‡æ–­ç‚¹ä¸‹è½½ç®¡ç†å’Œæ‰¹é‡ä¸Šä¼ ç®¡ç†åŠŸèƒ½
zaproxy/zaproxy,10496,The OWASP ZAP core project
lipangit/JiaoZiVideoPlayer,10439,MediaPlayer exoplayer ijkplayer ffmpeg
tbruyelle/RxPermissions,10423,Android runtime permissions powered by RxJava2
daniulive/SmarterStreaming,10374,ä¸šå†…ä¸ºæ•°ä¸å¤šè‡´åŠ›äºæè‡´ä½“éªŒçš„è¶…å¼ºå…¨è‡ªç ”è·¨å¹³å°(windows/linux/android/iOS)æµåª’ä½“å†…æ ¸ï¼Œé€šè¿‡æ¨¡å—åŒ–è‡ªç”±ç»„åˆï¼Œæ”¯æŒå®æ—¶RTMPæ¨æµã€RTSPæ¨æµã€RTMPæ’­æ”¾å™¨ã€RTSPæ’­æ”¾å™¨ã€å½•åƒã€å¤šè·¯æµåª’ä½“è½¬å‘ã€éŸ³è§†é¢‘å¯¼æ’­ã€åŠ¨æ€è§†é¢‘åˆæˆã€éŸ³é¢‘æ··éŸ³ã€ç›´æ’­äº’åŠ¨ã€å†…ç½®è½»é‡çº§RTSPæœåŠ¡ç­‰ï¼Œæ¯”å¿«æ›´å¿«ï¼Œä¸šç•ŒçœŸæ­£é è°±çš„è¶…ä½å»¶è¿Ÿç›´æ’­SDK(1ç§’å†…ï¼Œä½å»¶è¿Ÿæ¨¡å¼ä¸‹200~400ms)ã€‚
grpc/grpc-java,10351,The Java gRPC implementation. HTTP/2 based RPC
chefyuan/algorithm-base,10323,ä¸€ä½é…·çˆ±åšé¥­çš„ç¨‹åºå‘˜ï¼Œç«‹å¿—ç”¨åŠ¨ç”»å°†ç®—æ³•è¯´çš„é€šä¿—æ˜“æ‡‚ã€‚æˆ‘çš„é¢è¯•ç½‘ç«™ www.chengxuchu.com
aosp-mirror/platform_frameworks_base,10306,
JessYanCoding/MVPArms,10196,"âš”ï¸ A common architecture for Android applications developing based on MVP, integrates many open source projects, to make your developing quicker and easier (ä¸€ä¸ªæ•´åˆäº†å¤§é‡ä¸»æµå¼€æºé¡¹ç›®é«˜åº¦å¯é…ç½®åŒ–çš„ Android MVP å¿«é€Ÿé›†æˆæ¡†æ¶). "
JakeWharton/ViewPagerIndicator,10195,Paging indicator widgets compatible with the ViewPager from the Android Support Library and ActionBarSherlock.
questdb/questdb,10115,An open source time-series database for fast ingest and SQL queries
square/javapoet,10054,A Java API for generating .java source files.
google/auto,10018,A collection of source code generators for Java.
